{
  "price_scale": 0.6918547312070801,
  "price_exp": 1.0550034750315371,
  "reward_scale": 1.8586606794383689,
  "reward_exp": 1.5,
  "softcap_start": 0.39454951076655476,
  "softcap_strength": 0.09224870113168723,
  "offline_rate": 1.27028733499987,
  "offline_cap_hours": 12,
  "prestige_enabled": true,
  "prestige_unlock_hours": 22,
  "prestige_gain_scale": 0.5224780963129056
}