{
  "price_scale": 1.5,
  "price_exp": 1.1519470723477978,
  "reward_scale": 1.3423649545629168,
  "reward_exp": 1.2708167615641015,
  "softcap_start": 0.7904169837572658,
  "softcap_strength": 0.41195808373263093,
  "offline_rate": 1.0200344885590251,
  "offline_cap_hours": 13,
  "prestige_enabled": true,
  "prestige_unlock_hours": 22,
  "prestige_gain_scale": 0.4861003943758574
}