{
  "baseline": {
    "params": {
      "price_scale": 0.7977304526748971,
      "price_exp": 1.1268647119341564,
      "reward_scale": 1.1239773353231977,
      "reward_exp": 1.122912037037037,
      "softcap_start": 0.6789197530864197,
      "softcap_strength": 0.4964399005486968,
      "offline_rate": 1.2,
      "offline_cap_hours": 2,
      "prestige_enabled": true,
      "prestige_unlock_hours": 22,
      "prestige_gain_scale": 0.34283809161394546
    },
    "score": {
      "accepted": true,
      "constraint_failed": null,
      "fail_rate": 0,
      "V_total": 0.5305108133279781,
      "components": {
        "growth_momentum": 0,
        "return_quality": 1,
        "upgrade_satisfaction": 1,
        "progress_clarity": 0.9012368248652343,
        "stability_score": 0.01213882133862463
      },
      "bottleneck": {
        "longest_stall_median_seconds": 1065
      }
    }
  },
  "top1": {
    "params": {
      "price_scale": 1.5,
      "price_exp": 1.1519470723477978,
      "reward_scale": 1.3423649545629168,
      "reward_exp": 1.2708167615641015,
      "softcap_start": 0.7904169837572658,
      "softcap_strength": 0.41195808373263093,
      "offline_rate": 1.0200344885590251,
      "offline_cap_hours": 13,
      "prestige_enabled": true,
      "prestige_unlock_hours": 22,
      "prestige_gain_scale": 0.4861003943758574
    },
    "score": {
      "accepted": true,
      "constraint_failed": null,
      "fail_rate": 0,
      "V_total": 0.5305618175416604,
      "components": {
        "growth_momentum": 0,
        "return_quality": 1,
        "upgrade_satisfaction": 1,
        "progress_clarity": 0.9016446217956365,
        "stability_score": 0.012251475568244697
      },
      "bottleneck": {
        "longest_stall_median_seconds": 1065
      }
    }
  },
  "topk": [
    {
      "params": {
        "price_scale": 1.5,
        "price_exp": 1.1519470723477978,
        "reward_scale": 1.3423649545629168,
        "reward_exp": 1.2708167615641015,
        "softcap_start": 0.7904169837572658,
        "softcap_strength": 0.41195808373263093,
        "offline_rate": 1.0200344885590251,
        "offline_cap_hours": 13,
        "prestige_enabled": true,
        "prestige_unlock_hours": 22,
        "prestige_gain_scale": 0.4861003943758574
      },
      "score": {
        "accepted": true,
        "constraint_failed": null,
        "fail_rate": 0,
        "V_total": 0.5305618175416604,
        "components": {
          "growth_momentum": 0,
          "return_quality": 1,
          "upgrade_satisfaction": 1,
          "progress_clarity": 0.9016446217956365,
          "stability_score": 0.012251475568244697
        },
        "bottleneck": {
          "longest_stall_median_seconds": 1065
        }
      }
    },
    {
      "params": {
        "price_scale": 1.5,
        "price_exp": 1.1519470723477978,
        "reward_scale": 1.3423649545629168,
        "reward_exp": 1.2708167615641015,
        "softcap_start": 0.7904169837572658,
        "softcap_strength": 0.4851680641119735,
        "offline_rate": 1.090477389793593,
        "offline_cap_hours": 16,
        "prestige_enabled": true,
        "prestige_unlock_hours": 22,
        "prestige_gain_scale": 0.4861003943758574
      },
      "score": {
        "accepted": true,
        "constraint_failed": null,
        "fail_rate": 0,
        "V_total": 0.5305618175416604,
        "components": {
          "growth_momentum": 0,
          "return_quality": 1,
          "upgrade_satisfaction": 1,
          "progress_clarity": 0.9016446217956365,
          "stability_score": 0.012251475568244697
        },
        "bottleneck": {
          "longest_stall_median_seconds": 1065
        }
      }
    },
    {
      "params": {
        "price_scale": 1.5,
        "price_exp": 1.1519470723477978,
        "reward_scale": 1.3423649545629168,
        "reward_exp": 1.2708167615641015,
        "softcap_start": 0.7904169837572658,
        "softcap_strength": 0.4748174587326309,
        "offline_rate": 1.0200344885590251,
        "offline_cap_hours": 13,
        "prestige_enabled": true,
        "prestige_unlock_hours": 22,
        "prestige_gain_scale": 0.4861003943758574
      },
      "score": {
        "accepted": true,
        "constraint_failed": null,
        "fail_rate": 0,
        "V_total": 0.5305605758964576,
        "components": {
          "growth_momentum": 0,
          "return_quality": 1,
          "upgrade_satisfaction": 1,
          "progress_clarity": 0.9016321217956367,
          "stability_score": 0.012251305719236674
        },
        "bottleneck": {
          "longest_stall_median_seconds": 1065
        }
      }
    },
    {
      "params": {
        "price_scale": 1.5,
        "price_exp": 1.1519470723477978,
        "reward_scale": 1.3423649545629168,
        "reward_exp": 1.2708167615641015,
        "softcap_start": 0.7904169837572658,
        "softcap_strength": 0.5,
        "offline_rate": 1.0200344885590251,
        "offline_cap_hours": 13,
        "prestige_enabled": true,
        "prestige_unlock_hours": 22,
        "prestige_gain_scale": 0.4861003943758574
      },
      "score": {
        "accepted": true,
        "constraint_failed": null,
        "fail_rate": 0,
        "V_total": 0.5305605758964576,
        "components": {
          "growth_momentum": 0,
          "return_quality": 1,
          "upgrade_satisfaction": 1,
          "progress_clarity": 0.9016321217956367,
          "stability_score": 0.012251305719236674
        },
        "bottleneck": {
          "longest_stall_median_seconds": 1065
        }
      }
    },
    {
      "params": {
        "price_scale": 1.5,
        "price_exp": 1.1519470723477978,
        "reward_scale": 1.3423649545629168,
        "reward_exp": 1.2708167615641015,
        "softcap_start": 0.7904169837572658,
        "softcap_strength": 0.4851680641119735,
        "offline_rate": 1.0200344885590251,
        "offline_cap_hours": 15,
        "prestige_enabled": true,
        "prestige_unlock_hours": 22,
        "prestige_gain_scale": 0.4861003943758574
      },
      "score": {
        "accepted": true,
        "constraint_failed": null,
        "fail_rate": 0,
        "V_total": 0.5305605758964576,
        "components": {
          "growth_momentum": 0,
          "return_quality": 1,
          "upgrade_satisfaction": 1,
          "progress_clarity": 0.9016321217956367,
          "stability_score": 0.012251305719236674
        },
        "bottleneck": {
          "longest_stall_median_seconds": 1065
        }
      }
    }
  ],
  "metadata": {
    "runs_per_eval": 2000,
    "generations": 20,
    "population": 50,
    "timestamp": "2026-02-28T05:41:47.376Z"
  },
  "metrics": {
    "risk_adjusted_return_180": 0.5305618175416604,
    "cagr_180": 0,
    "max_drawdown_180": 0.2975497048863511,
    "active_system_count": 10,
    "market_stability_score": 0.012251475568244697,
    "bankruptcy_flag": false,
    "blowup_rate": 0,
    "fail_rate": 0
  }
}