{
  "baseline": {
    "params": {
      "price_scale": 0.6377393363066989,
      "price_exp": 1.0094685784369761,
      "reward_scale": 1.6472638031550069,
      "reward_exp": 1.35,
      "softcap_start": 0.6830717436884404,
      "softcap_strength": 0.40679591049382713,
      "offline_rate": 1.1069434979759043,
      "offline_cap_hours": 3,
      "prestige_enabled": true,
      "prestige_unlock_hours": 22,
      "prestige_gain_scale": 0.6
    },
    "score": {
      "accepted": true,
      "constraint_failed": null,
      "fail_rate": 0,
      "V_total": 0.6172121309038205,
      "components": {
        "growth_momentum": 0.12786287882506045,
        "return_quality": 1,
        "upgrade_satisfaction": 1,
        "progress_clarity": 0.9023775245616209,
        "stability_score": 0.012116807369531243
      },
      "bottleneck": {
        "longest_stall_median_seconds": 1060
      }
    }
  },
  "top1": {
    "params": {
      "price_scale": 0.6918547312070801,
      "price_exp": 1.0550034750315371,
      "reward_scale": 1.8586606794383689,
      "reward_exp": 1.5,
      "softcap_start": 0.39454951076655476,
      "softcap_strength": 0.09224870113168723,
      "offline_rate": 1.27028733499987,
      "offline_cap_hours": 12,
      "prestige_enabled": true,
      "prestige_unlock_hours": 22,
      "prestige_gain_scale": 0.5224780963129056
    },
    "score": {
      "accepted": true,
      "constraint_failed": null,
      "fail_rate": 0,
      "V_total": 0.6142222134757004,
      "components": {
        "growth_momentum": 0.11751912882340743,
        "return_quality": 1,
        "upgrade_satisfaction": 1,
        "progress_clarity": 0.9027898593169116,
        "stability_score": 0.012226361107767555
      },
      "bottleneck": {
        "longest_stall_median_seconds": 1070
      }
    }
  },
  "topk": [
    {
      "params": {
        "price_scale": 0.6918547312070801,
        "price_exp": 1.0550034750315371,
        "reward_scale": 1.8586606794383689,
        "reward_exp": 1.5,
        "softcap_start": 0.39454951076655476,
        "softcap_strength": 0.09224870113168723,
        "offline_rate": 1.27028733499987,
        "offline_cap_hours": 12,
        "prestige_enabled": true,
        "prestige_unlock_hours": 22,
        "prestige_gain_scale": 0.5224780963129056
      },
      "score": {
        "accepted": true,
        "constraint_failed": null,
        "fail_rate": 0,
        "V_total": 0.6142222134757004,
        "components": {
          "growth_momentum": 0.11751912882340743,
          "return_quality": 1,
          "upgrade_satisfaction": 1,
          "progress_clarity": 0.9027898593169116,
          "stability_score": 0.012226361107767555
        },
        "bottleneck": {
          "longest_stall_median_seconds": 1070
        }
      }
    },
    {
      "params": {
        "price_scale": 0.6918547312070801,
        "price_exp": 1.0550034750315371,
        "reward_scale": 1.8586606794383689,
        "reward_exp": 1.5,
        "softcap_start": 0.39454951076655476,
        "softcap_strength": 0.09224870113168723,
        "offline_rate": 1.27028733499987,
        "offline_cap_hours": 12,
        "prestige_enabled": true,
        "prestige_unlock_hours": 22,
        "prestige_gain_scale": 0.5224780963129056
      },
      "score": {
        "accepted": true,
        "constraint_failed": null,
        "fail_rate": 0,
        "V_total": 0.6142222134757004,
        "components": {
          "growth_momentum": 0.11751912882340743,
          "return_quality": 1,
          "upgrade_satisfaction": 1,
          "progress_clarity": 0.9027898593169116,
          "stability_score": 0.012226361107767555
        },
        "bottleneck": {
          "longest_stall_median_seconds": 1070
        }
      }
    },
    {
      "params": {
        "price_scale": 0.6918547312070801,
        "price_exp": 1.0550034750315371,
        "reward_scale": 1.8586606794383689,
        "reward_exp": 1.5,
        "softcap_start": 0.37275136064818803,
        "softcap_strength": 0.09224870113168723,
        "offline_rate": 1.344800730333395,
        "offline_cap_hours": 12,
        "prestige_enabled": true,
        "prestige_unlock_hours": 22,
        "prestige_gain_scale": 0.5224780963129056
      },
      "score": {
        "accepted": true,
        "constraint_failed": null,
        "fail_rate": 0,
        "V_total": 0.6142222134757004,
        "components": {
          "growth_momentum": 0.11751912882340743,
          "return_quality": 1,
          "upgrade_satisfaction": 1,
          "progress_clarity": 0.9027898593169116,
          "stability_score": 0.012226361107767555
        },
        "bottleneck": {
          "longest_stall_median_seconds": 1070
        }
      }
    },
    {
      "params": {
        "price_scale": 0.6918547312070801,
        "price_exp": 1.0550034750315371,
        "reward_scale": 1.8586606794383689,
        "reward_exp": 1.5,
        "softcap_start": 0.39454951076655476,
        "softcap_strength": 0.09224870113168723,
        "offline_rate": 1.2545697424072775,
        "offline_cap_hours": 12,
        "prestige_enabled": true,
        "prestige_unlock_hours": 22,
        "prestige_gain_scale": 0.5224780963129056
      },
      "score": {
        "accepted": true,
        "constraint_failed": null,
        "fail_rate": 0,
        "V_total": 0.6142222134757004,
        "components": {
          "growth_momentum": 0.11751912882340743,
          "return_quality": 1,
          "upgrade_satisfaction": 1,
          "progress_clarity": 0.9027898593169116,
          "stability_score": 0.012226361107767555
        },
        "bottleneck": {
          "longest_stall_median_seconds": 1070
        }
      }
    },
    {
      "params": {
        "price_scale": 0.6918547312070801,
        "price_exp": 1.0550034750315371,
        "reward_scale": 1.8586606794383689,
        "reward_exp": 1.5,
        "softcap_start": 0.39454951076655476,
        "softcap_strength": 0.09273853509127152,
        "offline_rate": 1.27028733499987,
        "offline_cap_hours": 12,
        "prestige_enabled": true,
        "prestige_unlock_hours": 22,
        "prestige_gain_scale": 0.5224780963129056
      },
      "score": {
        "accepted": true,
        "constraint_failed": null,
        "fail_rate": 0,
        "V_total": 0.6142222134757004,
        "components": {
          "growth_momentum": 0.11751912882340743,
          "return_quality": 1,
          "upgrade_satisfaction": 1,
          "progress_clarity": 0.9027898593169116,
          "stability_score": 0.012226361107767555
        },
        "bottleneck": {
          "longest_stall_median_seconds": 1070
        }
      }
    }
  ],
  "metadata": {
    "runs_per_eval": 3000,
    "generations": 25,
    "population": 60,
    "timestamp": "2026-02-28T06:07:07.431Z"
  },
  "metrics": {
    "risk_adjusted_return_180": 0.6142222134757004,
    "cagr_180": 0.11751912882340743,
    "max_drawdown_180": 0.2975547277784465,
    "active_system_count": 10,
    "market_stability_score": 0.012226361107767555,
    "bankruptcy_flag": false,
    "blowup_rate": 0,
    "fail_rate": 0
  }
}